{"id":"sol_66","graph":[{"AS10":[{"WorkflowBinding":"TASWorkflow0"}]},{"TASWorkflow0":[{"ServiceBindings":"DS10"},{"ABindings":"AS30"},{"ABindings":"AS10"},{"DBindings":"DS10"},{"MSBindings":"MS40"},{"MSBindings":"MS50"},{"ServiceBindings":"MS50"},{"ServiceBindings":"MS40"},{"ServiceBindings":"AS10"},{"ServiceBindings":"AS30"}]},{"AS30":[{"WorkflowBinding":"TASWorkflow0"}]},{"MS50":[{"WorkflowBinding":"TASWorkflow0"}]},{"MS40":[{"WorkflowBinding":"TASWorkflow0"}]},{"DS10":[{"WorkflowBinding":"TASWorkflow0"}]}]}