{"id":"sol_79","graph":[{"AS10":[{"WorkflowBinding":"TASWorkflow0"}]},{"TASWorkflow0":[{"ServiceBindings":"DS10"},{"ABindings":"AS20"},{"ABindings":"AS10"},{"DBindings":"DS10"},{"MSBindings":"MS40"},{"MSBindings":"MS50"},{"ServiceBindings":"MS50"},{"ServiceBindings":"MS40"},{"ServiceBindings":"AS10"},{"ServiceBindings":"AS20"}]},{"AS20":[{"WorkflowBinding":"TASWorkflow0"}]},{"MS50":[{"WorkflowBinding":"TASWorkflow0"}]},{"MS40":[{"WorkflowBinding":"TASWorkflow0"}]},{"DS10":[{"WorkflowBinding":"TASWorkflow0"}]}]}