{"id":"sol_57","graph":[{"TASWorkflow0":[{"ServiceBindings":"DS10"},{"ABindings":"AS20"},{"ABindings":"AS30"},{"DBindings":"DS10"},{"ServiceBindings":"MS10"},{"MSBindings":"MS30"},{"ServiceBindings":"MS30"},{"MSBindings":"MS10"},{"ServiceBindings":"AS20"},{"ServiceBindings":"AS30"}]},{"MS10":[{"WorkflowBinding":"TASWorkflow0"}]},{"AS20":[{"WorkflowBinding":"TASWorkflow0"}]},{"AS30":[{"WorkflowBinding":"TASWorkflow0"}]},{"MS30":[{"WorkflowBinding":"TASWorkflow0"}]},{"DS10":[{"WorkflowBinding":"TASWorkflow0"}]}]}