{"id":"sol_71","graph":[{"AS10":[{"WorkflowBinding":"TASWorkflow0"}]},{"TASWorkflow0":[{"ServiceBindings":"DS10"},{"ABindings":"AS30"},{"ABindings":"AS10"},{"DBindings":"DS10"},{"MSBindings":"MS50"},{"ServiceBindings":"MS20"},{"ServiceBindings":"MS50"},{"MSBindings":"MS20"},{"ServiceBindings":"AS10"},{"ServiceBindings":"AS30"}]},{"AS30":[{"WorkflowBinding":"TASWorkflow0"}]},{"MS50":[{"WorkflowBinding":"TASWorkflow0"}]},{"DS10":[{"WorkflowBinding":"TASWorkflow0"}]},{"MS20":[{"WorkflowBinding":"TASWorkflow0"}]}]}