{"id":"sol_82","graph":[{"AS10":[{"WorkflowBinding":"TASWorkflow0"}]},{"TASWorkflow0":[{"ServiceBindings":"DS10"},{"ABindings":"AS20"},{"ABindings":"AS10"},{"DBindings":"DS10"},{"MSBindings":"MS40"},{"MSBindings":"MS30"},{"ServiceBindings":"MS30"},{"ServiceBindings":"MS40"},{"ServiceBindings":"AS10"},{"ServiceBindings":"AS20"}]},{"AS20":[{"WorkflowBinding":"TASWorkflow0"}]},{"MS40":[{"WorkflowBinding":"TASWorkflow0"}]},{"MS30":[{"WorkflowBinding":"TASWorkflow0"}]},{"DS10":[{"WorkflowBinding":"TASWorkflow0"}]}]}