{"id":"sol_55","graph":[{"TASWorkflow0":[{"ServiceBindings":"DS10"},{"ABindings":"AS20"},{"ABindings":"AS30"},{"DBindings":"DS10"},{"MSBindings":"MS40"},{"ServiceBindings":"MS20"},{"ServiceBindings":"MS40"},{"MSBindings":"MS20"},{"ServiceBindings":"AS20"},{"ServiceBindings":"AS30"}]},{"AS20":[{"WorkflowBinding":"TASWorkflow0"}]},{"AS30":[{"WorkflowBinding":"TASWorkflow0"}]},{"MS40":[{"WorkflowBinding":"TASWorkflow0"}]},{"DS10":[{"WorkflowBinding":"TASWorkflow0"}]},{"MS20":[{"WorkflowBinding":"TASWorkflow0"}]}]}