{"id":"sol_88","graph":[{"AS10":[{"WorkflowBinding":"TASWorkflow0"}]},{"TASWorkflow0":[{"ServiceBindings":"DS10"},{"ABindings":"AS20"},{"ABindings":"AS10"},{"DBindings":"DS10"},{"ServiceBindings":"MS10"},{"MSBindings":"MS50"},{"ServiceBindings":"MS50"},{"MSBindings":"MS10"},{"ServiceBindings":"AS10"},{"ServiceBindings":"AS20"}]},{"MS10":[{"WorkflowBinding":"TASWorkflow0"}]},{"AS20":[{"WorkflowBinding":"TASWorkflow0"}]},{"MS50":[{"WorkflowBinding":"TASWorkflow0"}]},{"DS10":[{"WorkflowBinding":"TASWorkflow0"}]}]}