{"id":"sol_76","graph":[{"AS10":[{"WorkflowBinding":"TASWorkflow0"}]},{"TASWorkflow0":[{"ServiceBindings":"DS10"},{"ABindings":"AS30"},{"ABindings":"AS10"},{"DBindings":"DS10"},{"MSBindings":"MS40"},{"ServiceBindings":"MS10"},{"ServiceBindings":"MS40"},{"MSBindings":"MS10"},{"ServiceBindings":"AS10"},{"ServiceBindings":"AS30"}]},{"MS10":[{"WorkflowBinding":"TASWorkflow0"}]},{"AS30":[{"WorkflowBinding":"TASWorkflow0"}]},{"MS40":[{"WorkflowBinding":"TASWorkflow0"}]},{"DS10":[{"WorkflowBinding":"TASWorkflow0"}]}]}