{"id":"sol_53","graph":[{"TASWorkflow0":[{"ServiceBindings":"DS10"},{"ABindings":"AS20"},{"ABindings":"AS30"},{"DBindings":"DS10"},{"MSBindings":"MS40"},{"MSBindings":"MS30"},{"ServiceBindings":"MS30"},{"ServiceBindings":"MS40"},{"ServiceBindings":"AS20"},{"ServiceBindings":"AS30"}]},{"AS20":[{"WorkflowBinding":"TASWorkflow0"}]},{"AS30":[{"WorkflowBinding":"TASWorkflow0"}]},{"MS40":[{"WorkflowBinding":"TASWorkflow0"}]},{"MS30":[{"WorkflowBinding":"TASWorkflow0"}]},{"DS10":[{"WorkflowBinding":"TASWorkflow0"}]}]}