{"id":"sol_7","graph":[{"t3medium0":[{"services":"sensor10"}]},{"HybridUseCase0":[{"services":"aggregator00"},{"services":"sensor10"},{"services":"sensor20"},{"services":"sensor00"},{"services":"resultprocessing00"},{"services":"groveralg00"},{"services":"groveralg0"}]},{"groveralg00":[{"deployment":"HybridUseCase0"},{"hybrid_service":"groveralg0"},{"link":"groveralg0"},{"machines":"t3large0"},{"link":"resultprocessing00"},{"link":"aggregator00"}]},{"t32xlarge0":[{"services":"sensor00"}]},{"aria10":[{"services":"groveralg0"}]},{"sensor00":[{"deployment":"HybridUseCase0"},{"link":"aggregator00"},{"machines":"t32xlarge0"}]},{"sensor10":[{"machines":"t3medium0"},{"link":"aggregator00"},{"deployment":"HybridUseCase0"}]},{"t3large0":[{"services":"groveralg00"}]},{"sensor20":[{"machines":"t3xlarge0"},{"deployment":"HybridUseCase0"},{"link":"aggregator00"}]},{"t3large1":[{"services":"resultprocessing00"}]},{"t3xlarge0":[{"services":"sensor20"}]},{"t3xlarge1":[{"services":"aggregator00"}]},{"aggregator00":[{"machines":"t3xlarge1"},{"deployment":"HybridUseCase0"},{"link":"sensor10"},{"link":"sensor20"},{"link":"sensor00"},{"link":"groveralg00"}]},{"resultprocessing00":[{"link":"groveralg00"},{"machines":"t3large1"},{"deployment":"HybridUseCase0"}]},{"groveralg0":[{"machines":"aria10"},{"link":"groveralg00"},{"hybrid_service":"groveralg00"},{"deployment":"HybridUseCase0"}]}]}