{"id":"sol_5","graph":[{"t3medium1":[{"services":"aggregator00"}]},{"t3medium0":[{"services":"groveralg00"}]},{"HybridUseCase0":[{"services":"aggregator00"},{"services":"sensor10"},{"services":"sensor20"},{"services":"sensor00"},{"services":"resultprocessing00"},{"services":"groveralg00"},{"services":"groveralg0"}]},{"groveralg00":[{"deployment":"HybridUseCase0"},{"hybrid_service":"groveralg0"},{"link":"groveralg0"},{"machines":"t3medium0"},{"link":"resultprocessing00"},{"link":"aggregator00"}]},{"t32xlarge0":[{"services":"sensor20"}]},{"sensor00":[{"machines":"t3xlarge0"},{"deployment":"HybridUseCase0"},{"link":"aggregator00"}]},{"sensor10":[{"machines":"t3large1"},{"link":"aggregator00"},{"deployment":"HybridUseCase0"}]},{"t3large0":[{"services":"resultprocessing00"}]},{"sensor20":[{"deployment":"HybridUseCase0"},{"link":"aggregator00"},{"machines":"t32xlarge0"}]},{"t3large1":[{"services":"sensor10"}]},{"t3xlarge0":[{"services":"sensor00"}]},{"local0":[{"services":"groveralg0"}]},{"aggregator00":[{"deployment":"HybridUseCase0"},{"machines":"t3medium1"},{"link":"sensor10"},{"link":"sensor20"},{"link":"sensor00"},{"link":"groveralg00"}]},{"resultprocessing00":[{"link":"groveralg00"},{"machines":"t3large0"},{"deployment":"HybridUseCase0"}]},{"groveralg0":[{"link":"groveralg00"},{"hybrid_service":"groveralg00"},{"deployment":"HybridUseCase0"},{"machines":"local0"}]}]}