{"id":"sol_18","graph":[{"t32xlarge0":[{"services":"sensor20"}]},{"binarysearch00":[{"link":"aggregator00"},{"deployment":"ClassicalUseCase0"},{"machines":"t3large0"},{"link":"resultprocessing00"}]},{"sensor00":[{"machines":"t3xlarge1"},{"deployment":"ClassicalUseCase0"},{"link":"aggregator00"}]},{"sensor10":[{"deployment":"ClassicalUseCase0"},{"machines":"t3xlarge0"},{"link":"aggregator00"}]},{"t3large0":[{"services":"binarysearch00"}]},{"sensor20":[{"deployment":"ClassicalUseCase0"},{"link":"aggregator00"},{"machines":"t32xlarge0"}]},{"t3large1":[{"services":"resultprocessing00"}]},{"t3large2":[{"services":"aggregator00"}]},{"t3xlarge0":[{"services":"sensor10"}]},{"t3xlarge1":[{"services":"sensor00"}]},{"aggregator00":[{"link":"sensor10"},{"link":"sensor20"},{"link":"sensor00"},{"deployment":"ClassicalUseCase0"},{"link":"binarysearch00"},{"machines":"t3large2"}]},{"ClassicalUseCase0":[{"services":"resultprocessing00"},{"services":"aggregator00"},{"services":"sensor00"},{"services":"sensor10"},{"services":"sensor20"},{"services":"binarysearch00"}]},{"resultprocessing00":[{"machines":"t3large1"},{"link":"binarysearch00"},{"deployment":"ClassicalUseCase0"}]}]}